{
  "model_version": "v1",
  "training_date": "2026-01-26T01:43:48.438417",
  "features": [
    "portcalls_dry_bulk_lag7",
    "portcalls_dry_bulk_lag14",
    "portcalls_dry_bulk_lag30",
    "portcalls_dry_bulk_rolling7_mean",
    "portcalls_dry_bulk_rolling7_std",
    "portcalls_dry_bulk_rolling14_mean",
    "portcalls_dry_bulk_rolling14_std",
    "portcalls_dry_bulk_rolling30_mean",
    "portcalls_dry_bulk_rolling30_std",
    "import_dry_bulk_rolling7_mean",
    "import_dry_bulk_rolling7_sum",
    "import_dry_bulk_rolling30_sum",
    "import_dry_bulk_momentum",
    "feat_day_of_week",
    "feat_month",
    "feat_week_of_year",
    "feat_quarter",
    "feat_is_weekend",
    "is_cny",
    "cny_proximity_days",
    "is_golden_week",
    "is_monsoon_india",
    "is_diwali",
    "port_capacity_ratio",
    "is_china",
    "is_india"
  ],
  "target_ports": {
    "port1069": "Qingdao",
    "port1105": "Rizhao",
    "port339": "Fangcheng",
    "port1266": "Caofeidian",
    "port777": "Mundra",
    "port1367": "Vizag"
  },
  "best_iteration": 780,
  "test_metrics": {
    "mae": 0.06425247347770181,
    "rmse": 0.12353721274320606,
    "within_1_day_pct": 99.74160206718346,
    "within_2_days_pct": 100.0
  },
  "gain_feature_importance": {
    "portcalls_dry_bulk_rolling7_mean": 105333.068552288,
    "port_capacity_ratio": 18856.363567273598,
    "portcalls_dry_bulk_rolling14_mean": 9381.960637418088,
    "import_dry_bulk_rolling7_mean": 5960.832981524058,
    "portcalls_dry_bulk_rolling30_mean": 3406.3796995102894,
    "import_dry_bulk_rolling7_sum": 1706.6773008524906,
    "import_dry_bulk_rolling30_sum": 1496.5444437679835,
    "import_dry_bulk_momentum": 1180.4838715291116,
    "portcalls_dry_bulk_rolling30_std": 743.3430437333882,
    "portcalls_dry_bulk_rolling14_std": 589.8483157919254,
    "portcalls_dry_bulk_rolling7_std": 354.51268376177177,
    "is_china": 150.61911547649652,
    "cny_proximity_days": 134.50457648281008,
    "is_india": 125.85712827323005,
    "portcalls_dry_bulk_lag7": 121.71440421650186,
    "feat_week_of_year": 83.5586116167251,
    "portcalls_dry_bulk_lag30": 32.16701404424384,
    "feat_month": 19.65128231002018,
    "portcalls_dry_bulk_lag14": 5.443932109745219,
    "is_monsoon_india": 3.23889456409961,
    "feat_day_of_week": 2.9883946313057095,
    "is_cny": 0.7481191288679838,
    "feat_quarter": 0.5654062270186841,
    "feat_is_weekend": 0.05779400002211332,
    "is_golden_week": 0.005517879966646433,
    "is_diwali": 0.0
  },
  "shap_analysis": {
    "shap_feature_importance": {
      "portcalls_dry_bulk_rolling7_mean": 0.8941451143517117,
      "port_capacity_ratio": 0.4998817042984596,
      "portcalls_dry_bulk_rolling30_mean": 0.07019796905447115,
      "portcalls_dry_bulk_rolling14_mean": 0.06336479351326196,
      "import_dry_bulk_rolling7_mean": 0.043960398727587356,
      "import_dry_bulk_rolling7_sum": 0.027951200690546216,
      "import_dry_bulk_rolling30_sum": 0.021084522776920685,
      "portcalls_dry_bulk_rolling30_std": 0.013306457192205016,
      "cny_proximity_days": 0.011088615304458612,
      "import_dry_bulk_momentum": 0.009054440682527923,
      "is_china": 0.008871130375715866,
      "portcalls_dry_bulk_rolling14_std": 0.00539702372198087,
      "portcalls_dry_bulk_rolling7_std": 0.004690941765715761,
      "portcalls_dry_bulk_lag7": 0.004309230094228361,
      "is_india": 0.0035698995200413868,
      "feat_week_of_year": 0.003100204612530086,
      "portcalls_dry_bulk_lag30": 0.0023747137168633075,
      "feat_month": 0.001575918408628383,
      "portcalls_dry_bulk_lag14": 0.0012581577810653387,
      "feat_day_of_week": 0.0007506897442428524,
      "is_cny": 0.0006909632705553884,
      "is_monsoon_india": 0.0005414821671660654,
      "feat_quarter": 0.0001717629998115581,
      "feat_is_weekend": 3.201490785663177e-05,
      "is_golden_week": 7.018364899796301e-06,
      "is_diwali": 0.0
    },
    "sample_size": 1000
  },
  "shap_plot_path": "C:\\Users\\sidha\\Code\\Projects\\Cargill BIA\\cargill_datathon_submission\\cargill_datathon\\models\\shap_summary.png"
}